{
    "shoulder": [
        [
            -0.049747001111638434,
            -0.04430702623446416,
            0.08
        ],
        [
            0.049747001111638434,
            0.04430702623446416,
            0.14
        ]
    ],
    "arm_1": [
        [
            -0.048280728630282724,
            -0.03929971333189831,
            0.11726873244667928
        ],
        [
            0.06608763666298585,
            0.06458358158838405,
            0.18414760768273408
        ]
    ],
    "arm_1_box_1": [
        [
            -0.021286021360669927,
            -0.018522366644516917,
            0.11469164326223905
        ],
        [
            0.036014145550048726,
            0.039434697464978054,
            0.15843316544005784
        ]
    ],
    "arm_1_box_2": [
        [
            -0.011492221942683208,
            -0.004616239103449749,
            0.1429706303334164
        ],
        [
            0.045807944968035454,
            0.05334082500604523,
            0.18671215251123519
        ]
    ],
    "arm_1_box_3": [
        [
            -0.0016984225246964857,
            0.009289888437617409,
            0.17124961740459377
        ],
        [
            0.055601744386022174,
            0.0672469525471124,
            0.21499113958241256
        ]
    ],
    "arm_1_box_4": [
        [
            0.008095376893290226,
            0.023196015978684564,
            0.19952860447577114
        ],
        [
            0.06539554380400889,
            0.08115308008817956,
            0.24327012665358994
        ]
    ],
    "arm_1_box_5": [
        [
            0.017889176311276966,
            0.037102143519751746,
            0.22780759154694846
        ],
        [
            0.07518934322199561,
            0.0950592076292467,
            0.2715491137247673
        ]
    ],
    "arm_1_box_6": [
        [
            0.027682975729263697,
            0.05100827106081893,
            0.2560865786181259
        ],
        [
            0.08498314263998236,
            0.1089653351703139,
            0.2998281007959447
        ]
    ],
    "arm_1_box_7": [
        [
            0.03747677514725042,
            0.0649143986018861,
            0.2843655656893032
        ],
        [
            0.09477694205796905,
            0.12287146271138105,
            0.32810708786712195
        ]
    ],
    "arm_1_box_8": [
        [
            0.04727057456523712,
            0.07882052614295322,
            0.31264455276048053
        ],
        [
            0.10457074147595578,
            0.1367775902524482,
            0.3563860749382994
        ]
    ],
    "arm_1_box_9": [
        [
            0.05706437398322384,
            0.0927266536840204,
            0.34092353983165796
        ],
        [
            0.11436454089394252,
            0.15068371779351541,
            0.38466506200947675
        ]
    ],
    "arm_1_box_10": [
        [
            0.06685817340121059,
            0.10663278122508758,
            0.3692025269028353
        ],
        [
            0.12415834031192925,
            0.16458984533458257,
            0.4129440490806541
        ]
    ],
    "arm_link": [
        [
            0.03580142890530265,
            0.08008778448335835,
            0.32200188782654104
        ],
        [
            0.17434076243577717,
            0.21829121939756002,
            0.4086593540698696
        ]
    ],
    "arm_2_mount": [
        [
            0.07323888422157623,
            0.1347075728451908,
            0.31697735658747345
        ],
        [
            0.20311049725023594,
            0.25767842370527005,
            0.36811905214030294
        ]
    ],
    "arm_2_box_1": [
        [
            0.09128048559545131,
            0.14716053387664635,
            0.32193280440359573
        ],
        [
            0.1683252942100427,
            0.2214513735454393,
            0.37054225524123424
        ]
    ],
    "arm_2_box_2": [
        [
            0.11360528781720892,
            0.17885931938114666,
            0.31209460318085763
        ],
        [
            0.1906500964318003,
            0.2531501590499396,
            0.3607040540184961
        ]
    ],
    "arm_2_box_3": [
        [
            0.13593009003896656,
            0.21055810488564702,
            0.3022564019581194
        ],
        [
            0.21297489865355795,
            0.28484894455443993,
            0.35086585279575794
        ]
    ],
    "arm_2_box_4": [
        [
            0.1582548922607242,
            0.24225689039014736,
            0.2924182007353813
        ],
        [
            0.23529970087531557,
            0.31654773005894027,
            0.3410276515730198
        ]
    ],
    "arm_2_box_5": [
        [
            0.18057969448248185,
            0.27395567589464764,
            0.2825799995126432
        ],
        [
            0.2576245030970732,
            0.34824651556344055,
            0.3311894503502817
        ]
    ],
    "motor": [
        [
            0.18564734461950289,
            0.2886629931390079,
            0.23969572584510107
        ],
        [
            0.33627486129164325,
            0.4524096439609566,
            0.33718046943255575
        ]
    ],
    "wrist": [
        [
            0.2705571936185221,
            0.39044671147483245,
            0.20389253227903226
        ],
        [
            0.36464065517399036,
            0.505878101544167,
            0.3123624030527692
        ]
    ],
    "gripper": [
        [
            0.26137395140156977,
            0.39586949309741676,
            0.14248846233364215
        ],
        [
            0.46172517674287183,
            0.5951049540967224,
            0.27725320013475274
        ]
    ]
}