{
    "shoulder": [
        [
            -0.022819472438346654,
            -0.045158882653794995,
            0.08
        ],
        [
            0.02281947243834666,
            0.045158882653794995,
            0.14
        ]
    ],
    "arm_1": [
        [
            -0.018371916140929496,
            -0.05012687132135446,
            0.12424100375745405
        ],
        [
            0.015336007953313387,
            0.05010527929626599,
            0.18568213697516123
        ]
    ],
    "arm_1_box_1": [
        [
            -0.011798927699640086,
            -0.02008239902232298,
            0.12449400250496936
        ],
        [
            0.02011611573426593,
            0.020141552633569128,
            0.15896972239299967
        ]
    ],
    "arm_1_box_2": [
        [
            -0.013468677202828957,
            -0.020094274636121644,
            0.1574517299079078
        ],
        [
            0.018446366231077073,
            0.02012967701977047,
            0.1919274497959381
        ]
    ],
    "arm_1_box_3": [
        [
            -0.015138426706017817,
            -0.02010615024992031,
            0.1904094573108462
        ],
        [
            0.016776616727888216,
            0.020117801405971802,
            0.22488517719887652
        ]
    ],
    "arm_1_box_4": [
        [
            -0.016808176209206663,
            -0.020118025863718973,
            0.2233671847137846
        ],
        [
            0.015106867224699356,
            0.02010592579217314,
            0.2578429046018149
        ]
    ],
    "arm_1_box_5": [
        [
            -0.01847792571239551,
            -0.020129901477517635,
            0.25632491211672304
        ],
        [
            0.013437117721510497,
            0.020094050178374474,
            0.29080063200475337
        ]
    ],
    "arm_1_box_6": [
        [
            -0.02014767521558436,
            -0.0201417770913163,
            0.2892826395196615
        ],
        [
            0.011767368218321623,
            0.02008217456457581,
            0.3237583594076917
        ]
    ],
    "arm_1_box_7": [
        [
            -0.021817424718773255,
            -0.02015365270511496,
            0.32224036692259983
        ],
        [
            0.010097618715132782,
            0.020070298950777145,
            0.35671608681063016
        ]
    ],
    "arm_1_box_8": [
        [
            -0.023487174221962115,
            -0.020165528318913627,
            0.3551980943255382
        ],
        [
            0.008427869211943943,
            0.020058423336978486,
            0.38967381421356856
        ]
    ],
    "arm_1_box_9": [
        [
            -0.025156923725150958,
            -0.020177403932712282,
            0.3881558217284767
        ],
        [
            0.006758119708755034,
            0.02004654772317982,
            0.422631541616507
        ]
    ],
    "arm_1_box_10": [
        [
            -0.0268266732283398,
            -0.020189279546510952,
            0.4211135491314151
        ],
        [
            0.0050883702055662325,
            0.020034672109381157,
            0.4555892690194454
        ]
    ],
    "arm_link": [
        [
            -0.02678704186732665,
            -0.05018672148630617,
            0.3991417308627894
        ],
        [
            0.06134305398696107,
            0.05043249119821265,
            0.45337866018106254
        ]
    ],
    "arm_2_mount": [
        [
            0.04291348869555414,
            -0.05219080679748797,
            0.4043912981966093
        ],
        [
            0.11632646670139245,
            0.05332335524741953,
            0.445091076394615
        ]
    ],
    "arm_2_box_1": [
        [
            0.0428656217416156,
            -0.02969285438259935,
            0.4043946725201142
        ],
        [
            0.08647899644704612,
            0.0306127808324115,
            0.44758241750337985
        ]
    ],
    "arm_2_box_2": [
        [
            0.08272607135266205,
            -0.029409358382440146,
            0.40106838527708777
        ],
        [
            0.1263394460580926,
            0.030896276832570707,
            0.44425613026035343
        ]
    ],
    "arm_2_box_3": [
        [
            0.12258652096370852,
            -0.02912586238228093,
            0.3977420980340613
        ],
        [
            0.16619989566913904,
            0.031179772832729918,
            0.44092984301732696
        ]
    ],
    "arm_2_box_4": [
        [
            0.162446970574755,
            -0.02884236638212172,
            0.3944158107910349
        ],
        [
            0.2060603452801854,
            0.031463268832889135,
            0.43760355577430055
        ]
    ],
    "arm_2_box_5": [
        [
            0.2023074201858014,
            -0.02855887038196251,
            0.3910895235480084
        ],
        [
            0.24592079489123192,
            0.031746764833048335,
            0.4342772685312741
        ]
    ],
    "motor": [
        [
            0.23185779849006138,
            -0.04353688440105985,
            0.37823866447138116
        ],
        [
            0.36584710262839615,
            0.04778788885274273,
            0.43465455044655227
        ]
    ],
    "wrist": [
        [
            0.3604069938400859,
            -0.02765133315080039,
            0.36711608034617615
        ],
        [
            0.43856269790962277,
            0.0334722404284934,
            0.4453149098636121
        ]
    ],
    "gripper": [
        [
            0.4179182616487126,
            -0.07226632555892042,
            0.3403817213132675
        ],
        [
            0.5376205116094275,
            0.07898482332286562,
            0.43350945770179466
        ]
    ]
}