{
    "shoulder": [
        [
            -0.022685417547959517,
            -0.04509242168376587,
            0.08
        ],
        [
            0.022685417547959535,
            0.04509242168376588,
            0.14
        ]
    ],
    "arm_1": [
        [
            -0.012087515210311959,
            -0.05004858115070749,
            0.11584397950108229
        ],
        [
            0.04871128566774476,
            0.05019964241937998,
            0.1816815569816801
        ]
    ],
    "arm_1_box_1": [
        [
            -0.008003348231634507,
            -0.020032500852161093,
            0.11279197266810972
        ],
        [
            0.03606727735199686,
            0.02014825552962621,
            0.15724305873146446
        ]
    ],
    "arm_1_box_2": [
        [
            0.012139725519953543,
            -0.01994941715439123,
            0.13893101773362904
        ],
        [
            0.0562103511035849,
            0.020231339227396075,
            0.18338210379698378
        ]
    ],
    "arm_1_box_3": [
        [
            0.03228279927154158,
            -0.019866333456621362,
            0.16507006279914835
        ],
        [
            0.07635342485517294,
            0.02031442292516594,
            0.2095211488625031
        ]
    ],
    "arm_1_box_4": [
        [
            0.05242587302312962,
            -0.0197832497588515,
            0.1912091078646677
        ],
        [
            0.09649649860676099,
            0.020397506622935806,
            0.2356601939280224
        ]
    ],
    "arm_1_box_5": [
        [
            0.07256894677471767,
            -0.019700166061081634,
            0.217348152930187
        ],
        [
            0.11663957235834904,
            0.02048059032070567,
            0.26179923899354174
        ]
    ],
    "arm_1_box_6": [
        [
            0.09271202052630574,
            -0.019617082363311767,
            0.24348719799570634
        ],
        [
            0.13678264610993707,
            0.02056367401847553,
            0.2879382840590611
        ]
    ],
    "arm_1_box_7": [
        [
            0.11285509427789377,
            -0.0195339986655419,
            0.2696262430612256
        ],
        [
            0.15692571986152506,
            0.020646757716245395,
            0.31407732912458036
        ]
    ],
    "arm_1_box_8": [
        [
            0.13299816802948175,
            -0.019450914967772036,
            0.2957652881267449
        ],
        [
            0.17706879361311312,
            0.020729841414015265,
            0.34021637419009976
        ]
    ],
    "arm_1_box_9": [
        [
            0.1531412417810698,
            -0.019367831270002175,
            0.3219043331922643
        ],
        [
            0.19721186736470125,
            0.020812925111785133,
            0.366355419255619
        ]
    ],
    "arm_1_box_10": [
        [
            0.17328431553265788,
            -0.019284747572232305,
            0.3480433782577836
        ],
        [
            0.21735494111628922,
            0.020896008809554997,
            0.3924944643211383
        ]
    ],
    "arm_link": [
        [
            0.15973186040397547,
            -0.049339881512777656,
            0.2970452730514057
        ],
        [
            0.25799140406738547,
            0.0510628555675216,
            0.3885340029475748
        ]
    ],
    "arm_2_mount": [
        [
            0.22013401729154097,
            -0.05159067825326801,
            0.2706770431558399
        ],
        [
            0.2977635231509582,
            0.05372683896322365,
            0.34015611366547
        ]
    ],
    "arm_2_box_1": [
        [
            0.21875633269893574,
            -0.029096934940969526,
            0.2863012744126382
        ],
        [
            0.2748799628394722,
            0.03113302582225896,
            0.3421779012722313
        ]
    ],
    "arm_2_box_2": [
        [
            0.25110465923772396,
            -0.02896350850274791,
            0.2627732492612254
        ],
        [
            0.3072282893782605,
            0.03126645226048057,
            0.3186498761208185
        ]
    ],
    "arm_2_box_3": [
        [
            0.2834529857765122,
            -0.0288300820645263,
            0.23924522410981264
        ],
        [
            0.3395766159170487,
            0.03139987869870218,
            0.29512185096940574
        ]
    ],
    "arm_2_box_4": [
        [
            0.31580131231530045,
            -0.028696655626304694,
            0.21571719895839986
        ],
        [
            0.37192494245583696,
            0.03153330513692379,
            0.2715938258179929
        ]
    ],
    "arm_2_box_5": [
        [
            0.34814963885408867,
            -0.028563229188083086,
            0.19218917380698708
        ],
        [
            0.4042732689946252,
            0.0316667315751454,
            0.24806580066658018
        ]
    ],
    "motor": [
        [
            0.35596744368733313,
            -0.0280369097123878,
            0.09891111168017006
        ],
        [
            0.5177616886818367,
            0.03164076124278118,
            0.2531137684755994
        ]
    ],
    "wrist": [
        [
            0.4075284367505111,
            0.01459628218530755,
            0.10126802307831002
        ],
        [
            0.5080287116472875,
            0.0967399819844334,
            0.19807415591872468
        ]
    ],
    "gripper": [
        [
            0.36690762216168377,
            0.06720172947829084,
            0.07491612016118253
        ],
        [
            0.5430689160755777,
            0.2026958583787543,
            0.19566560993869375
        ]
    ]
}