{
    "shoulder": [
        [
            -0.04618868322893242,
            -0.04891873647801964,
            0.08
        ],
        [
            0.04618868322893243,
            0.04891873647801965,
            0.14
        ]
    ],
    "arm_1": [
        [
            -0.04066028981902948,
            -0.04538415652288116,
            0.11487557510916989
        ],
        [
            0.07164780343647371,
            0.07145785341706312,
            0.17939559304888794
        ]
    ],
    "arm_1_box_1": [
        [
            -0.018522439142593435,
            -0.020053874279035468,
            0.11150076681222651
        ],
        [
            0.04121137966964188,
            0.039144936745543056,
            0.15609875908081855
        ]
    ],
    "arm_1_box_2": [
        [
            -0.0014793066529991076,
            -0.0057133409872353845,
            0.13584990929915833
        ],
        [
            0.05825451215923622,
            0.05348547003734314,
            0.18044790156775037
        ]
    ],
    "arm_1_box_3": [
        [
            0.015563825836595218,
            0.008627192304564697,
            0.16019905178609012
        ],
        [
            0.07529764464883056,
            0.06782600332914324,
            0.2047970440546822
        ]
    ],
    "arm_1_box_4": [
        [
            0.03260695832618955,
            0.02296772559636478,
            0.18454819427302194
        ],
        [
            0.09234077713842487,
            0.0821665366209433,
            0.22914618654161398
        ]
    ],
    "arm_1_box_5": [
        [
            0.04965009081578391,
            0.03730825888816487,
            0.20889733675995376
        ],
        [
            0.10938390962801921,
            0.09650706991274338,
            0.25349532902854577
        ]
    ],
    "arm_1_box_6": [
        [
            0.06669322330537823,
            0.05164879217996495,
            0.23324647924688557
        ],
        [
            0.12642704211761355,
            0.1108476032045435,
            0.2778444715154776
        ]
    ],
    "arm_1_box_7": [
        [
            0.08373635579497256,
            0.06598932547176505,
            0.25759562173381734
        ],
        [
            0.14347017460720787,
            0.12518813649634356,
            0.3021936140024094
        ]
    ],
    "arm_1_box_8": [
        [
            0.10077948828456686,
            0.08032985876356508,
            0.2819447642207491
        ],
        [
            0.16051330709680217,
            0.1395286697881436,
            0.3265427564893412
        ]
    ],
    "arm_1_box_9": [
        [
            0.1178226207741612,
            0.09467039205536519,
            0.306293906707681
        ],
        [
            0.17755643958639655,
            0.15386920307994373,
            0.35089189897627304
        ]
    ],
    "arm_1_box_10": [
        [
            0.13486575326375558,
            0.10901092534716529,
            0.3306430491946128
        ],
        [
            0.19459957207599085,
            0.1682097363717438,
            0.3752410414632048
        ]
    ],
    "arm_link": [
        [
            0.10418871827965029,
            0.07649555216280657,
            0.2772873962702811
        ],
        [
            0.24238417013824382,
            0.21511985641461184,
            0.3715517774500333
        ]
    ],
    "arm_2_mount": [
        [
            0.14306913172566174,
            0.10865196273573924,
            0.23551317365873906
        ],
        [
            0.25878431694341114,
            0.22947794164551133,
            0.31377425887314564
        ]
    ],
    "arm_2_box_1": [
        [
            0.15584932344247304,
            0.12443273799460036,
            0.26113752110445065
        ],
        [
            0.23562043263580792,
            0.20496005838253264,
            0.31490513282259947
        ]
    ],
    "arm_2_box_2": [
        [
            0.16969424689686227,
            0.13608221533342368,
            0.22546389257756339
        ],
        [
            0.24946535609019715,
            0.21660953572135597,
            0.2792315042957122
        ]
    ],
    "arm_2_box_3": [
        [
            0.18353917035125153,
            0.14773169267224703,
            0.18979026405067612
        ],
        [
            0.2633102795445864,
            0.22825901306017932,
            0.24355787576882498
        ]
    ],
    "arm_2_box_4": [
        [
            0.1973840938056408,
            0.15938117001107036,
            0.15411663552378885
        ],
        [
            0.2771552029989757,
            0.2399084903990027,
            0.20788424724193766
        ]
    ],
    "arm_2_box_5": [
        [
            0.21122901726003002,
            0.17103064734989368,
            0.11844300699690166
        ],
        [
            0.2910001264533649,
            0.25155796773782596,
            0.17221061871505042
        ]
    ],
    "motor": [
        [
            0.20858876395274006,
            0.18753322136651496,
            -0.002253125174112941
        ],
        [
            0.3455588427146145,
            0.27874093374179226,
            0.1591306439102378
        ]
    ],
    "wrist": [
        [
            0.25108299990296823,
            0.14916056361578078,
            -0.0008663971450679278
        ],
        [
            0.3429746565441151,
            0.23261964255448847,
            0.09042517991647495
        ]
    ],
    "gripper": [
        [
            0.2303186429945276,
            0.04544505901552953,
            -0.011389378665851511
        ],
        [
            0.3952254130615407,
            0.1803885083121755,
            0.0746945431462469
        ]
    ]
}