{
    "shoulder": [
        [
            -0.03416262026561583,
            -0.04949086189356606,
            0.08
        ],
        [
            0.03416262026561584,
            0.04949086189356606,
            0.14
        ]
    ],
    "arm_1": [
        [
            -0.02671279705690746,
            -0.051722211028693746,
            0.1180432177437218
        ],
        [
            0.053434716419653805,
            0.05948675450214781,
            0.18511363402742548
        ]
    ],
    "arm_1_box_1": [
        [
            -0.014088160282350036,
            -0.021677700484014833,
            0.1157242903249624
        ],
        [
            0.03729281958082816,
            0.028420239575757913,
            0.1588741233116498
        ]
    ],
    "arm_1_box_2": [
        [
            0.0006088953671604566,
            -0.017407201573615097,
            0.1449605587990934
        ],
        [
            0.051989875230338656,
            0.03269073848615765,
            0.18811039178578082
        ]
    ],
    "arm_1_box_3": [
        [
            0.01530595101667094,
            -0.013136702663215365,
            0.1741968272732244
        ],
        [
            0.06668693087984914,
            0.036961237396557385,
            0.21734666025991184
        ]
    ],
    "arm_1_box_4": [
        [
            0.03000300666618143,
            -0.00886620375281563,
            0.2034330957473554
        ],
        [
            0.08138398652935964,
            0.041231736306957124,
            0.24658292873404283
        ]
    ],
    "arm_1_box_5": [
        [
            0.04470006231569193,
            -0.004595704842415888,
            0.23266936422148643
        ],
        [
            0.09608104217887013,
            0.045502235217356864,
            0.2758191972081738
        ]
    ],
    "arm_1_box_6": [
        [
            0.05939711796520244,
            -0.0003252059320161482,
            0.26190563269561745
        ],
        [
            0.11077809782838062,
            0.049772734127756596,
            0.3050554656823048
        ]
    ],
    "arm_1_box_7": [
        [
            0.07409417361471293,
            0.003945292978383586,
            0.2911419011697484
        ],
        [
            0.12547515347789112,
            0.05404323303815633,
            0.33429173415643587
        ]
    ],
    "arm_1_box_8": [
        [
            0.08879122926422336,
            0.00821579188878331,
            0.3203781696438794
        ],
        [
            0.1401722091274016,
            0.058313731948556075,
            0.3635280026305669
        ]
    ],
    "arm_1_box_9": [
        [
            0.10348828491373388,
            0.012486290799183048,
            0.34961443811801046
        ],
        [
            0.15486926477691212,
            0.06258423085895583,
            0.39276427110469786
        ]
    ],
    "arm_1_box_10": [
        [
            0.1181853405632444,
            0.016756789709582793,
            0.3788507065921415
        ],
        [
            0.16956632042642258,
            0.06685472976935554,
            0.4220005395788289
        ]
    ],
    "arm_link": [
        [
            0.10001646851349709,
            -0.014898700018024286,
            0.3338516593363673
        ],
        [
            0.22250214883225594,
            0.10861239593129664,
            0.4175708019312332
        ]
    ],
    "arm_2_mount": [
        [
            0.16125960444475987,
            0.0006985997797482393,
            0.3115806974282844
        ],
        [
            0.265448045024432,
            0.12328912916228033,
            0.37789991522554517
        ]
    ],
    "arm_2_box_1": [
        [
            0.16628820878586528,
            0.021941896137243753,
            0.3250604339464746
        ],
        [
            0.23582063551727653,
            0.09489819907705577,
            0.380034598853391
        ]
    ],
    "arm_2_box_2": [
        [
            0.199086615673932,
            0.0314720744408825,
            0.30424120708509306
        ],
        [
            0.2686190424053433,
            0.10442837738069452,
            0.35921537199200954
        ]
    ],
    "arm_2_box_3": [
        [
            0.23188502256199872,
            0.041002252744521246,
            0.28342198022371157
        ],
        [
            0.30141744929340997,
            0.11395855568433325,
            0.338396145130628
        ]
    ],
    "arm_2_box_4": [
        [
            0.2646834294500655,
            0.05053243104816001,
            0.2626027533623301
        ],
        [
            0.33421585618147676,
            0.12348873398797203,
            0.3175769182692465
        ]
    ],
    "arm_2_box_5": [
        [
            0.29748183633813224,
            0.06006260935179876,
            0.24178352650094853
        ],
        [
            0.3670142630695435,
            0.13301891229161075,
            0.296757691407865
        ]
    ],
    "motor": [
        [
            0.31848220102052993,
            0.0522323760114743,
            0.1542506715810248
        ],
        [
            0.4690079242173961,
            0.17658731427058055,
            0.3062184455976081
        ]
    ],
    "wrist": [
        [
            0.437497388894419,
            0.07163859191479699,
            0.14177753244128932
        ],
        [
            0.5326234698861472,
            0.16390979541583778,
            0.25090594113790615
        ]
    ],
    "gripper": [
        [
            0.49218168370601656,
            0.04568037223441122,
            0.10250071530466606
        ],
        [
            0.6256391992917211,
            0.20342576016106015,
            0.22693016627227353
        ]
    ]
}