{
    "25": [
        [
            0.9981733702441139,
            -0.05771826874260249,
            -0.017847251577310704,
            0.2629665593640516
        ],
        [
            0.05775701149068533,
            0.9983292860547256,
            0.001662597102959393,
            0.31717597203853803
        ],
        [
            0.01772147169881636,
            -0.002690364068046949,
            0.9998393427856347,
            -0.015213639334711204
        ],
        [
            0.0,
            0.0,
            0.0,
            1.0
        ]
    ],
    "0": [
        [
            1.0,
            -5.005431341720355e-18,
            7.575846112159687e-17,
            0.17999999999999994
        ],
        [
            2.285492862588168e-17,
            1.0,
            -7.763564591484086e-19,
            0.18
        ],
        [
            -7.853325488804923e-17,
            -3.62722217623401e-18,
            1.0,
            0.0
        ],
        [
            0.0,
            0.0,
            0.0,
            1.0
        ]
    ],
    "33": [
        [
            -0.12363104854515061,
            -0.9920872834891744,
            0.021867459264798085,
            0.1540253997276379
        ],
        [
            0.9921447747036644,
            -0.12400191748000866,
            -0.016500620882165147,
            0.8751204663857466
        ],
        [
            0.019081663026122655,
            0.01965569638430659,
            0.9996247014433993,
            -0.04515634220502601
        ],
        [
            0.0,
            0.0,
            0.0,
            1.0
        ]
    ],
    "10": [
        [
            -0.973141145896959,
            0.2297392398729974,
            0.014703463025131779,
            -0.06682088694498586
        ],
        [
            -0.22841861753583562,
            -0.9715509920209879,
            0.06255881285680008,
            0.17866160034373624
        ],
        [
            0.028657378201289038,
            0.05752001013222994,
            0.9979329652381549,
            -0.04730770085006403
        ],
        [
            0.0,
            0.0,
            0.0,
            1.0
        ]
    ],
    "17": [
        [
            -0.0742676994246831,
            0.34171784022561424,
            -0.9368635047293208,
            1.4206375020792497
        ],
        [
            0.8133185132691124,
            0.564379518559332,
            0.14138159358436703,
            -0.20039652736433466
        ],
        [
            0.5770591865622487,
            -0.7514683471060354,
            -0.3198406142156407,
            -0.070388354978979
        ],
        [
            0.0,
            0.0,
            0.0,
            1.0
        ]
    ],
    "37": [
        [
            0.8063378294103132,
            -0.4775427760373535,
            0.34895873956157347,
            1.245533546580691
        ],
        [
            -0.2620551036581865,
            0.24047297911118917,
            0.9346121489495443,
            -0.6296502508164841
        ],
        [
            -0.5302324278168596,
            -0.8450595501927228,
            0.06875993833266111,
            -0.10364804464721483
        ],
        [
            0.0,
            0.0,
            0.0,
            1.0
        ]
    ]
}