{
    "100": [
        [
            1.0,
            0.0,
            0.0,
            0.0
        ],
        [
            0.0,
            1.0,
            0.0,
            0.0
        ],
        [
            0.0,
            0.0,
            1.0,
            0.0
        ],
        [
            0.0,
            0.0,
            0.0,
            1.0
        ]
    ],
    "10": [
        [
            0.9972977011696071,
            0.0716817605580749,
            -0.016094112125601235,
            0.24145071982318744
        ],
        [
            -0.07091137406360698,
            0.9965029251981878,
            0.04419838345309161,
            0.6861359444894979
        ],
        [
            0.01920604775136787,
            -0.04293769060802092,
            0.9988931286454134,
            -0.06540536918106588
        ],
        [
            0.0,
            0.0,
            0.0,
            1.0
        ]
    ],
    "25": [
        [
            0.9853970223125575,
            0.1697871994807907,
            -0.012845828506373858,
            0.42516728304216644
        ],
        [
            -0.169743391782472,
            0.9854783164124793,
            0.004434955130329776,
            0.4621766412699794
        ],
        [
            0.013412284060786511,
            -0.002189697078588885,
            0.999907653667566,
            0.0011526885676912957
        ],
        [
            0.0,
            0.0,
            0.0,
            1.0
        ]
    ]
}