{
    "25": [
        [
            0.9423754528099407,
            -0.2054274917656563,
            0.2640606967500663,
            0.22632138435283713
        ],
        [
            0.2942689557665352,
            0.8844695229396414,
            -0.3621041903416697,
            0.08687002443208162
        ],
        [
            -0.15916748290191748,
            0.4189429658292337,
            0.893953300664455,
            0.030980707206679003
        ],
        [
            0.0,
            0.0,
            0.0,
            1.0
        ]
    ],
    "34": [
        [
            0.028649435421524153,
            0.986167579764955,
            -0.16325659089469988,
            0.5250627825209273
        ],
        [
            0.44298090490133285,
            -0.15893590758190648,
            -0.8823306042373866,
            1.581577122875555
        ],
        [
            -0.8960731709759112,
            -0.047041278699107056,
            -0.4414068308890664,
            -1.7367245837876124
        ],
        [
            0.0,
            0.0,
            0.0,
            1.0
        ]
    ]
}