{
    "25": [
        [
            0.9605398364153813,
            -0.2774995212096673,
            -0.018900750977619733,
            0.3915536429572443
        ],
        [
            0.2746797674652039,
            0.957078278312047,
            -0.09247807593430075,
            0.26229250618921396
        ],
        [
            0.04375211999862462,
            0.08363722204649214,
            0.9955353168441449,
            0.004001057539133546
        ],
        [
            0.0,
            0.0,
            0.0,
            1.0
        ]
    ],
    "0": [
        [
            1.0,
            -3.700351891760515e-17,
            -4.861479238354038e-17,
            0.18
        ],
        [
            -1.5903400578635848e-17,
            1.0000000000000002,
            5.007089614206921e-19,
            0.17999999999999997
        ],
        [
            -4.861479238354038e-17,
            -1.0123640227440527e-17,
            1.0,
            0.0
        ],
        [
            0.0,
            0.0,
            0.0,
            1.0
        ]
    ],
    "33": [
        [
            0.494067466613302,
            0.8692241108486634,
            0.01862212537989062,
            0.08067300636834057
        ],
        [
            -0.8694123691061248,
            0.49383905251398474,
            0.0156563934980217,
            0.9382229765970858
        ],
        [
            0.004412581964012984,
            -0.023925620816190638,
            0.9997040030873993,
            -0.02639028963168799
        ],
        [
            0.0,
            0.0,
            0.0,
            1.0
        ]
    ],
    "10": [
        [
            -0.973141145896959,
            0.2297392398729974,
            0.014703463025131779,
            -0.06682088694498586
        ],
        [
            -0.22841861753583562,
            -0.9715509920209879,
            0.06255881285680008,
            0.17866160034373624
        ],
        [
            0.028657378201289038,
            0.05752001013222994,
            0.9979329652381549,
            -0.04730770085006403
        ],
        [
            0.0,
            0.0,
            0.0,
            1.0
        ]
    ],
    "17": [
        [
            0.6626551782005623,
            0.7146972650897034,
            0.22382121007017805,
            1.5928398879610222
        ],
        [
            -0.7180977412375068,
            0.6912021717115678,
            -0.08108755669522683,
            1.7694150530195274
        ],
        [
            -0.2126587614785031,
            -0.10699241606071681,
            0.9712511899976851,
            -0.15996823809189603
        ],
        [
            0.0,
            0.0,
            0.0,
            1.0
        ]
    ],
    "37": [
        [
            0.8063378294103132,
            -0.4775427760373535,
            0.34895873956157347,
            1.245533546580691
        ],
        [
            -0.2620551036581865,
            0.24047297911118917,
            0.9346121489495443,
            -0.6296502508164841
        ],
        [
            -0.5302324278168596,
            -0.8450595501927228,
            0.06875993833266111,
            -0.10364804464721483
        ],
        [
            0.0,
            0.0,
            0.0,
            1.0
        ]
    ]
}