{
    "25": [
        [
            0.9983438967473883,
            -0.006690847680700502,
            -0.057137521687183924,
            0.2369020344564111
        ],
        [
            -0.020391313791532605,
            0.8875680144639609,
            -0.4602251775189585,
            0.33042976646181227
        ],
        [
            0.05379273323688804,
            0.4606281062395295,
            0.885961675013705,
            0.16658824104931963
        ],
        [
            0.0,
            0.0,
            0.0,
            1.0
        ]
    ],
    "0": [
        [
            1.0,
            1.6664462039477055e-18,
            1.6231239863342278e-17,
            0.18
        ],
        [
            -5.0094156617558884e-18,
            0.9999999999999999,
            -3.881888788699388e-18,
            0.18
        ],
        [
            4.043936242910792e-17,
            9.665369238417631e-18,
            1.0,
            0.0
        ],
        [
            0.0,
            0.0,
            0.0,
            1.0
        ]
    ]
}