{
    "25": [
        [
            0.9967667549947036,
            -0.025047313981312606,
            0.07634571500516918,
            0.16579729053051437
        ],
        [
            0.015425097695067346,
            0.9921483043652392,
            0.12411208042039978,
            -0.06178223459279771
        ],
        [
            -0.07885494593509376,
            -0.12253315554372901,
            0.9893268030807967,
            -0.005351279937865383
        ],
        [
            0.0,
            0.0,
            0.0,
            1.0
        ]
    ],
    "28": [
        [
            0.008883986608626214,
            0.9952613081072909,
            0.09682976487889498,
            0.13092854623088612
        ],
        [
            -0.9950323379828985,
            -0.000803257591444895,
            0.0995489886715554,
            0.003963972583105969
        ],
        [
            0.09915503592972692,
            -0.09723313921604136,
            0.9903100501802292,
            -0.21847563874188852
        ],
        [
            0.0,
            0.0,
            0.0,
            1.0
        ]
    ],
    "8": [
        [
            0.9953847194852508,
            -0.000969381018611426,
            0.09595999435030039,
            0.20000487815297618
        ],
        [
            -0.009478993198292804,
            0.9940657897896811,
            0.10836675808459774,
            -0.0052785943230121216
        ],
        [
            -0.09549559625038015,
            -0.108776219231318,
            0.989468708563603,
            -0.2072707551409178
        ],
        [
            0.0,
            0.0,
            0.0,
            1.0
        ]
    ]
}