{
    "start": 1742819451.0420084,
    "move1": 1742819451.2873876,
    "move2": 1742819451.4871979,
    "finish": 1742819451.8918252,
    "refine_guess": 1742819451.90353,
    "move_command": 1742819452.272835,
    "robot_frame_no_25": 1742819452.282003,
    "move_end_3": 1742819452.4899907
}
