{
<<<<<<< HEAD
    "start": 1743015049.805412,
    "move_start_2": 1743015049.8398218,
    "(buffer)": 1743015113.5267928,
    "camera_frame_no_1": 1743015049.932808,
    "robot_frame_no_1": 1743015051.3754423,
    "camera_frame_no_2": 1743015051.6575475,
    "robot_frame_no_2": 1743015052.6020062,
    "camera_frame_no_3": 1743015052.8975976,
    "robot_frame_no_3": 1743015053.6838121,
    "camera_frame_no_4": 1743015053.999204,
    "robot_frame_no_4": 1743015055.50122,
    "camera_frame_no_5": 1743015055.7930574,
    "robot_frame_no_5": 1743015057.3138397,
    "camera_frame_no_6": 1743015057.6305637,
    "robot_frame_no_6": 1743015061.0967867,
    "camera_frame_no_7": 1743015061.3699145,
    "robot_frame_no_7": 1743015062.3022728,
    "camera_frame_no_8": 1743015062.591434,
    "robot_frame_no_8": 1743015063.779406,
    "camera_frame_no_9": 1743015064.10138,
    "robot_frame_no_9": 1743015065.998139,
    "camera_frame_no_10": 1743015066.3006427,
    "robot_frame_no_10": 1743015070.7085135,
    "camera_frame_no_11": 1743015071.0048156,
    "robot_frame_no_11": 1743015076.0334597,
    "camera_frame_no_12": 1743015076.340116,
    "robot_frame_no_12": 1743015078.4761236,
    "camera_frame_no_13": 1743015078.7698338,
    "robot_frame_no_13": 1743015079.7207541,
    "camera_frame_no_14": 1743015080.0012739,
    "robot_frame_no_14": 1743015081.7102368,
    "camera_frame_no_15": 1743015082.0051534,
    "robot_frame_no_15": 1743015087.031621,
    "camera_frame_no_16": 1743015087.350078,
    "robot_frame_no_16": 1743015089.7898173,
    "camera_frame_no_17": 1743015090.0709846,
    "robot_frame_no_17": 1743015095.0886896,
    "camera_frame_no_18": 1743015095.3725488,
    "robot_frame_no_18": 1743015096.4833384,
    "camera_frame_no_19": 1743015096.747052,
    "robot_frame_no_19": 1743015101.7774124,
    "camera_frame_no_20": 1743015102.1167963,
    "robot_frame_no_20": 1743015105.3148658,
    "camera_frame_no_21": 1743015105.6054595,
    "robot_frame_no_21": 1743015106.1015651,
    "camera_frame_no_22": 1743015106.4187057,
    "robot_frame_no_22": 1743015111.5003777,
    "camera_frame_no_23": 1743015111.8176079,
    "robot_frame_no_23": 1743015112.9904864,
    "camera_frame_no_24": 1743015113.2775218,
    "robot_frame_no_24": 1743015113.3255405,
    "camera_frame_no_25": 1743015113.6128228,
    "robot_frame_no_25": 1743015113.6337607,
    "move_end_2": 1743015113.8358886
=======
    "start": 1742819451.0420084,
    "move1": 1742819451.2873876,
    "move2": 1742819451.4871979,
    "finish": 1742819451.8918252,
    "refine_guess": 1742819451.90353,
    "move_command": 1742819452.272835,
    "robot_frame_no_25": 1742819452.282003,
    "move_end_3": 1742819452.4899907
>>>>>>> b4605f1510d03a0d607729381c78cacc2defa881
}